,LMC1,LMC2
healthy_NBL_0.0001_20000000_rep1,0.00143276829385475,0.998567231706145
healthy_NBL_0.0001_20000000_rep10,0.000989975641365334,0.999010024358635
healthy_NBL_0.0001_20000000_rep2,0.000624920317726641,0.999375079682273
healthy_NBL_0.0001_20000000_rep3,0,1
healthy_NBL_0.0001_20000000_rep4,0.00059948472954346,0.999400515270457
healthy_NBL_0.0001_20000000_rep5,0.00130860956608087,0.998691390433919
healthy_NBL_0.0001_20000000_rep6,0.000204313156899966,0.9997956868431
healthy_NBL_0.0001_20000000_rep7,0.000851668329143091,0.999148331670857
healthy_NBL_0.0001_20000000_rep8,0,1
healthy_NBL_0.0001_20000000_rep9,0,1
healthy_NBL_0.001_20000000_rep1,0.00242636380416791,0.997573636195832
healthy_NBL_0.001_20000000_rep10,0.00408362788172114,0.995916372118279
healthy_NBL_0.001_20000000_rep2,0.00251171877769275,0.997488281222307
healthy_NBL_0.001_20000000_rep3,0.00284212860633552,0.997157871393665
healthy_NBL_0.001_20000000_rep4,0.000744680698510244,0.99925531930149
healthy_NBL_0.001_20000000_rep5,0.00053049127532248,0.999469508724677
healthy_NBL_0.001_20000000_rep6,0.00253374272304336,0.997466257276957
healthy_NBL_0.001_20000000_rep7,0.00194037220712194,0.998059627792878
healthy_NBL_0.001_20000000_rep8,0.00102196723014304,0.998978032769857
healthy_NBL_0.001_20000000_rep9,0.00160751019189967,0.9983924898081
healthy_NBL_0.003_20000000_rep1,0.00700503375298179,0.992994966247018
healthy_NBL_0.003_20000000_rep10,0.0060209606283031,0.993979039371697
healthy_NBL_0.003_20000000_rep2,0.00635797291364953,0.99364202708635
healthy_NBL_0.003_20000000_rep3,0.00609005295623081,0.993909947043769
healthy_NBL_0.003_20000000_rep4,0.00768381532806069,0.992316184671939
healthy_NBL_0.003_20000000_rep5,0.00508464470486646,0.994915355295134
healthy_NBL_0.003_20000000_rep6,0.00665601719686009,0.99334398280314
healthy_NBL_0.003_20000000_rep7,0.00399658612300089,0.996003413876999
healthy_NBL_0.003_20000000_rep8,0.00731826835945522,0.992681731640545
healthy_NBL_0.003_20000000_rep9,0.00682594565070084,0.993174054349299
healthy_NBL_0.007_20000000_rep1,0.0148408046353498,0.98515919536465
healthy_NBL_0.007_20000000_rep10,0.0144368948476166,0.985563105152383
healthy_NBL_0.007_20000000_rep2,0.0151617181507526,0.984838281849247
healthy_NBL_0.007_20000000_rep3,0.014048815937678,0.985951184062322
healthy_NBL_0.007_20000000_rep4,0.0148133608181584,0.985186639181842
healthy_NBL_0.007_20000000_rep5,0.0157493634678934,0.984250636532107
healthy_NBL_0.007_20000000_rep6,0.0139036820058738,0.986096317994126
healthy_NBL_0.007_20000000_rep7,0.0163198945399981,0.983680105460002
healthy_NBL_0.007_20000000_rep8,0.0150372839165473,0.984962716083453
healthy_NBL_0.007_20000000_rep9,0.0160397598993189,0.983960240100681
healthy_NBL_0.01_20000000_rep1,0.0210183628586973,0.978981637141303
healthy_NBL_0.01_20000000_rep10,0.0201366800292928,0.979863319970707
healthy_NBL_0.01_20000000_rep2,0.0211065113699445,0.978893488630056
healthy_NBL_0.01_20000000_rep3,0.0224794605881428,0.977520539411857
healthy_NBL_0.01_20000000_rep4,0.0223010907031558,0.977698909296844
healthy_NBL_0.01_20000000_rep5,0.0210396704874446,0.978960329512555
healthy_NBL_0.01_20000000_rep6,0.0234178183468725,0.976582181653128
healthy_NBL_0.01_20000000_rep7,0.0212797144353861,0.978720285564614
healthy_NBL_0.01_20000000_rep8,0.0203807190699198,0.97961928093008
healthy_NBL_0.01_20000000_rep9,0.0199721515317011,0.980027848468299
healthy_NBL_0.025_20000000_rep1,0.0514151681941045,0.948584831805896
healthy_NBL_0.025_20000000_rep10,0.0539263969240639,0.946073603075936
healthy_NBL_0.025_20000000_rep2,0.0526724922019636,0.947327507798036
healthy_NBL_0.025_20000000_rep3,0.0518108971358004,0.9481891028642
healthy_NBL_0.025_20000000_rep4,0.0525516747982386,0.947448325201761
healthy_NBL_0.025_20000000_rep5,0.0534125464597134,0.946587453540287
healthy_NBL_0.025_20000000_rep6,0.052811580812835,0.947188419187165
healthy_NBL_0.025_20000000_rep7,0.0530275462309862,0.946972453769014
healthy_NBL_0.025_20000000_rep8,0.050696595657774,0.949303404342226
healthy_NBL_0.025_20000000_rep9,0.0523605010689576,0.947639498931042
healthy_NBL_0.05_20000000_rep1,0.103931445053991,0.896068554946009
healthy_NBL_0.05_20000000_rep10,0.101077237654191,0.898922762345809
healthy_NBL_0.05_20000000_rep2,0.103674733960698,0.896325266039302
healthy_NBL_0.05_20000000_rep3,0.104149824208536,0.895850175791464
healthy_NBL_0.05_20000000_rep4,0.10782825070383,0.89217174929617
healthy_NBL_0.05_20000000_rep5,0.103177631770944,0.896822368229056
healthy_NBL_0.05_20000000_rep6,0.105500536414181,0.894499463585819
healthy_NBL_0.05_20000000_rep7,0.102101072847462,0.897898927152537
healthy_NBL_0.05_20000000_rep8,0.104862568863932,0.895137431136068
healthy_NBL_0.05_20000000_rep9,0.103928989841409,0.896071010158591
healthy_NBL_0.1_20000000_rep1,0.203562049709392,0.796437950290608
healthy_NBL_0.1_20000000_rep10,0.201338994384288,0.798661005615713
healthy_NBL_0.1_20000000_rep2,0.203283745984599,0.796716254015401
healthy_NBL_0.1_20000000_rep3,0.205047065413148,0.794952934586852
healthy_NBL_0.1_20000000_rep4,0.205383574765112,0.794616425234889
healthy_NBL_0.1_20000000_rep5,0.20276071875201,0.79723928124799
healthy_NBL_0.1_20000000_rep6,0.201755079862545,0.798244920137455
healthy_NBL_0.1_20000000_rep7,0.20232882709807,0.79767117290193
healthy_NBL_0.1_20000000_rep8,0.203535229504854,0.796464770495146
healthy_NBL_0.1_20000000_rep9,0.202618877888332,0.797381122111668
healthy_NBL_0.25_20000000_rep1,0.474404718220615,0.525595281779385
healthy_NBL_0.25_20000000_rep10,0.473295604863716,0.526704395136284
healthy_NBL_0.25_20000000_rep2,0.473218319865312,0.526781680134688
healthy_NBL_0.25_20000000_rep3,0.472367918570555,0.527632081429445
healthy_NBL_0.25_20000000_rep4,0.473004980612288,0.526995019387712
healthy_NBL_0.25_20000000_rep5,0.474383809276763,0.525616190723237
healthy_NBL_0.25_20000000_rep6,0.469975095127333,0.530024904872667
healthy_NBL_0.25_20000000_rep7,0.471023222931315,0.528976777068685
healthy_NBL_0.25_20000000_rep8,0.473777039558401,0.526222960441599
healthy_NBL_0.25_20000000_rep9,0.475172234497404,0.524827765502596
healthy_NBL_0.5_20000000_rep1,0.855096536886118,0.144903463113882
healthy_NBL_0.5_20000000_rep10,0.860603020140438,0.139396979859562
healthy_NBL_0.5_20000000_rep2,0.858886533197009,0.141113466802991
healthy_NBL_0.5_20000000_rep3,0.860322406686981,0.139677593313019
healthy_NBL_0.5_20000000_rep4,0.857481603374376,0.142518396625624
healthy_NBL_0.5_20000000_rep5,0.858128799129674,0.141871200870326
healthy_NBL_0.5_20000000_rep6,0.856660913986197,0.143339086013803
healthy_NBL_0.5_20000000_rep7,0.856039230039583,0.143960769960417
healthy_NBL_0.5_20000000_rep8,0.856794337289752,0.143205662710248
healthy_NBL_0.5_20000000_rep9,0.857767574216656,0.142232425783345
healthy_NBL_0_20000000_rep1,0.000111372376398355,0.999888627623602
healthy_NBL_0_20000000_rep10,0,1
healthy_NBL_0_20000000_rep2,0.0016705177851859,0.998329482214814
healthy_NBL_0_20000000_rep3,0.000403620281697551,0.999596379718302
healthy_NBL_0_20000000_rep4,0.000637390038692223,0.999362609961308
healthy_NBL_0_20000000_rep5,0,1
healthy_NBL_0_20000000_rep6,0,1
healthy_NBL_0_20000000_rep7,0,1
healthy_NBL_0_20000000_rep8,0,1
healthy_NBL_0_20000000_rep9,0,1
