sample,predicted_tf,deconv_tool,tumor_type,regions,seq_method,mixture_type,dilution,expected_tf_wgs
CFD1600374,0.5838,RefFreeCellMix,NBL,rrbs20-200,cfrrbs,in_silico,0X,0.342
CFD1600374,0.296,RefFreeCellMix,NBL,rrbs20-200,cfrrbs,in_silico,1X,0.171
CFD1600374,0.1887,RefFreeCellMix,NBL,rrbs20-200,cfrrbs,in_silico,2X,0.114
CFD1600374,0.1322,RefFreeCellMix,NBL,rrbs20-200,cfrrbs,in_silico,3X,0.0855
CFD1600374,0.0975,RefFreeCellMix,NBL,rrbs20-200,cfrrbs,in_silico,4X,0.0684
CFD1600374,0.074,RefFreeCellMix,NBL,rrbs20-200,cfrrbs,in_silico,5X,0.057
CFD1600416,0.1729,RefFreeCellMix,NBL,rrbs20-200,cfrrbs,in_silico,0X,0.418
CFD1600416,0.0772,RefFreeCellMix,NBL,rrbs20-200,cfrrbs,in_silico,1X,0.2091
CFD1600416,0.037,RefFreeCellMix,NBL,rrbs20-200,cfrrbs,in_silico,2X,0.1394
CFD1600416,0.0159,RefFreeCellMix,NBL,rrbs20-200,cfrrbs,in_silico,3X,0.10455
CFD1600416,0.003,RefFreeCellMix,NBL,rrbs20-200,cfrrbs,in_silico,4X,0.08364
CFD1600416,0,RefFreeCellMix,NBL,rrbs20-200,cfrrbs,in_silico,5X,0.0697
CFD1600417,1,RefFreeCellMix,NBL,rrbs20-200,cfrrbs,in_silico,0X,0.7
CFD1600417,0.5087,RefFreeCellMix,NBL,rrbs20-200,cfrrbs,in_silico,1X,0.35
CFD1600417,0.3356,RefFreeCellMix,NBL,rrbs20-200,cfrrbs,in_silico,2X,0.233333333
CFD1600417,0.2452,RefFreeCellMix,NBL,rrbs20-200,cfrrbs,in_silico,3X,0.175
CFD1600417,0.1898,RefFreeCellMix,NBL,rrbs20-200,cfrrbs,in_silico,4X,0.14
CFD1600417,0.1524,RefFreeCellMix,NBL,rrbs20-200,cfrrbs,in_silico,5X,0.116666667
CFD1601067,0.8293,RefFreeCellMix,NBL,rrbs20-200,cfrrbs,in_silico,0X,0.826
CFD1601067,0.3946,RefFreeCellMix,NBL,rrbs20-200,cfrrbs,in_silico,1X,0.413
CFD1601067,0.2506,RefFreeCellMix,NBL,rrbs20-200,cfrrbs,in_silico,2X,0.275333333
CFD1601067,0.177,RefFreeCellMix,NBL,rrbs20-200,cfrrbs,in_silico,3X,0.2065
CFD1601067,0.1329,RefFreeCellMix,NBL,rrbs20-200,cfrrbs,in_silico,4X,0.1652
CFD1601067,0.1034,RefFreeCellMix,NBL,rrbs20-200,cfrrbs,in_silico,5X,0.137666667
CFD1600374,0.583803488,MeDeCom,NBL,rrbs20-200,cfrrbs,in_silico,0X,0.342
CFD1600374,0.296006735,MeDeCom,NBL,rrbs20-200,cfrrbs,in_silico,1X,0.171
CFD1600374,0.188735787,MeDeCom,NBL,rrbs20-200,cfrrbs,in_silico,2X,0.114
CFD1600374,0.132171029,MeDeCom,NBL,rrbs20-200,cfrrbs,in_silico,3X,0.0855
CFD1600374,0.097452069,MeDeCom,NBL,rrbs20-200,cfrrbs,in_silico,4X,0.0684
CFD1600374,0.073956253,MeDeCom,NBL,rrbs20-200,cfrrbs,in_silico,5X,0.057
CFD1600416,0.172925852,MeDeCom,NBL,rrbs20-200,cfrrbs,in_silico,0X,0.418
CFD1600416,0.077223852,MeDeCom,NBL,rrbs20-200,cfrrbs,in_silico,1X,0.2091
CFD1600416,0.037037758,MeDeCom,NBL,rrbs20-200,cfrrbs,in_silico,2X,0.1394
CFD1600416,0.015901816,MeDeCom,NBL,rrbs20-200,cfrrbs,in_silico,3X,0.10455
CFD1600416,0.002965805,MeDeCom,NBL,rrbs20-200,cfrrbs,in_silico,4X,0.08364
CFD1600416,0,MeDeCom,NBL,rrbs20-200,cfrrbs,in_silico,5X,0.0697
CFD1600417,1,MeDeCom,NBL,rrbs20-200,cfrrbs,in_silico,0X,0.7
CFD1600417,0.50865313,MeDeCom,NBL,rrbs20-200,cfrrbs,in_silico,1X,0.35
CFD1600417,0.335597559,MeDeCom,NBL,rrbs20-200,cfrrbs,in_silico,2X,0.233333333
CFD1600417,0.245235804,MeDeCom,NBL,rrbs20-200,cfrrbs,in_silico,3X,0.175
CFD1600417,0.189750323,MeDeCom,NBL,rrbs20-200,cfrrbs,in_silico,4X,0.14
CFD1600417,0.152359383,MeDeCom,NBL,rrbs20-200,cfrrbs,in_silico,5X,0.116666667
CFD1601067,0.829282585,MeDeCom,NBL,rrbs20-200,cfrrbs,in_silico,0X,0.826
CFD1601067,0.394560245,MeDeCom,NBL,rrbs20-200,cfrrbs,in_silico,1X,0.413
CFD1601067,0.250617043,MeDeCom,NBL,rrbs20-200,cfrrbs,in_silico,2X,0.275333333
CFD1601067,0.177032485,MeDeCom,NBL,rrbs20-200,cfrrbs,in_silico,3X,0.2065
CFD1601067,0.132907435,MeDeCom,NBL,rrbs20-200,cfrrbs,in_silico,4X,0.1652
CFD1601067,0.103376043,MeDeCom,NBL,rrbs20-200,cfrrbs,in_silico,5X,0.137666667