sample,predicted_tf,deconv_tool,tumor_type,seq_method,dmr_tool,mixture_type,dilution,expected_tf_wgs
CFD1600374,0.459,MetDecode,NBL,rrbs,limma,in_silico,0X,0.342
CFD1600374,0.228,MetDecode,NBL,rrbs,limma,in_silico,1X,0.171
CFD1600374,0.142,MetDecode,NBL,rrbs,limma,in_silico,2X,0.114
CFD1600374,0.101,MetDecode,NBL,rrbs,limma,in_silico,3X,0.0855
CFD1600374,0.071,MetDecode,NBL,rrbs,limma,in_silico,4X,0.0684
CFD1600374,0.051,MetDecode,NBL,rrbs,limma,in_silico,5X,0.057
CFD1600416,0.162,MetDecode,NBL,rrbs,limma,in_silico,0X,0.418
CFD1600416,0.064,MetDecode,NBL,rrbs,limma,in_silico,1X,0.2091
CFD1600416,0.032,MetDecode,NBL,rrbs,limma,in_silico,2X,0.1394
CFD1600416,0.018,MetDecode,NBL,rrbs,limma,in_silico,3X,0.10455
CFD1600416,0.009,MetDecode,NBL,rrbs,limma,in_silico,4X,0.08364
CFD1600416,0.005,MetDecode,NBL,rrbs,limma,in_silico,5X,0.0697
CFD1600417,0.785,MetDecode,NBL,rrbs,limma,in_silico,0X,0.7
CFD1600417,0.397,MetDecode,NBL,rrbs,limma,in_silico,1X,0.35
CFD1600417,0.259,MetDecode,NBL,rrbs,limma,in_silico,2X,0.233333333
CFD1600417,0.186,MetDecode,NBL,rrbs,limma,in_silico,3X,0.175
CFD1600417,0.144,MetDecode,NBL,rrbs,limma,in_silico,4X,0.14
CFD1600417,0.113,MetDecode,NBL,rrbs,limma,in_silico,5X,0.116666667
CFD1601067,0.617,MetDecode,NBL,rrbs,limma,in_silico,0X,0.826
CFD1601067,0.273,MetDecode,NBL,rrbs,limma,in_silico,1X,0.413
CFD1601067,0.169,MetDecode,NBL,rrbs,limma,in_silico,2X,0.275333333
CFD1601067,0.117,MetDecode,NBL,rrbs,limma,in_silico,3X,0.2065
CFD1601067,0.086,MetDecode,NBL,rrbs,limma,in_silico,4X,0.1652
CFD1601067,0.063,MetDecode,NBL,rrbs,limma,in_silico,5X,0.137666667
CFD1600374,0.236134024,CelFiE,NBL,rrbs,limma,in_silico,0X,0.342
CFD1600374,0.104484788,CelFiE,NBL,rrbs,limma,in_silico,1X,0.171
CFD1600374,0.060090044,CelFiE,NBL,rrbs,limma,in_silico,2X,0.114
CFD1600374,0.039007265,CelFiE,NBL,rrbs,limma,in_silico,3X,0.0855
CFD1600374,0.027271481,CelFiE,NBL,rrbs,limma,in_silico,4X,0.0684
CFD1600374,0.020288785,CelFiE,NBL,rrbs,limma,in_silico,5X,0.057
CFD1600416,0.117467338,CelFiE,NBL,rrbs,limma,in_silico,0X,0.418
CFD1600416,0.048677488,CelFiE,NBL,rrbs,limma,in_silico,1X,0.2091
CFD1600416,0.027382277,CelFiE,NBL,rrbs,limma,in_silico,2X,0.1394
CFD1600416,0.018049764,CelFiE,NBL,rrbs,limma,in_silico,3X,0.10455
CFD1600416,0.012784861,CelFiE,NBL,rrbs,limma,in_silico,4X,0.08364
CFD1600416,0.009482759,CelFiE,NBL,rrbs,limma,in_silico,5X,0.0697
CFD1600417,0.432414268,CelFiE,NBL,rrbs,limma,in_silico,0X,0.7
CFD1600417,0.187455226,CelFiE,NBL,rrbs,limma,in_silico,1X,0.35
CFD1600417,0.110131258,CelFiE,NBL,rrbs,limma,in_silico,2X,0.233333333
CFD1600417,0.07300412,CelFiE,NBL,rrbs,limma,in_silico,3X,0.175
CFD1600417,0.052218111,CelFiE,NBL,rrbs,limma,in_silico,4X,0.14
CFD1600417,0.039291147,CelFiE,NBL,rrbs,limma,in_silico,5X,0.116666667
CFD1601067,0.333510998,CelFiE,NBL,rrbs,limma,in_silico,0X,0.826
CFD1601067,0.129495877,CelFiE,NBL,rrbs,limma,in_silico,1X,0.413
CFD1601067,0.070727259,CelFiE,NBL,rrbs,limma,in_silico,2X,0.275333333
CFD1601067,0.044350438,CelFiE,NBL,rrbs,limma,in_silico,3X,0.2065
CFD1601067,0.030071941,CelFiE,NBL,rrbs,limma,in_silico,4X,0.1652
CFD1601067,0.021797366,CelFiE,NBL,rrbs,limma,in_silico,5X,0.137666667
CFD1600374,0.1866064,UXM,NBL,rrbs,limma,in_silico,0X,0.342
CFD1600374,0.3064122,UXM,NBL,rrbs,limma,in_silico,1X,0.171
CFD1600374,0.01564,UXM,NBL,rrbs,limma,in_silico,2X,0.114
CFD1600374,0.0016817,UXM,NBL,rrbs,limma,in_silico,3X,0.0855
CFD1600374,0.0021246,UXM,NBL,rrbs,limma,in_silico,4X,0.0684
CFD1600374,0.0042427,UXM,NBL,rrbs,limma,in_silico,5X,0.057
CFD1600416,0.1739032,UXM,NBL,rrbs,limma,in_silico,0X,0.418
CFD1600416,0,UXM,NBL,rrbs,limma,in_silico,1X,0.2091
CFD1600416,0.00128,UXM,NBL,rrbs,limma,in_silico,2X,0.1394
CFD1600416,0.0052805,UXM,NBL,rrbs,limma,in_silico,3X,0.10455
CFD1600416,0.0010502,UXM,NBL,rrbs,limma,in_silico,4X,0.08364
CFD1600416,0.0011461,UXM,NBL,rrbs,limma,in_silico,5X,0.0697
CFD1600417,0.2720797,UXM,NBL,rrbs,limma,in_silico,0X,0.7
CFD1600417,0.3265413,UXM,NBL,rrbs,limma,in_silico,1X,0.35
CFD1600417,0.0140903,UXM,NBL,rrbs,limma,in_silico,2X,0.233333333
CFD1600417,0.0010614,UXM,NBL,rrbs,limma,in_silico,3X,0.175
CFD1600417,0.0037049,UXM,NBL,rrbs,limma,in_silico,4X,0.14
CFD1600417,0.0037892,UXM,NBL,rrbs,limma,in_silico,5X,0.116666667
CFD1601067,0.2189381,UXM,NBL,rrbs,limma,in_silico,0X,0.826
CFD1601067,0.31968,UXM,NBL,rrbs,limma,in_silico,1X,0.413
CFD1601067,0.0171837,UXM,NBL,rrbs,limma,in_silico,2X,0.275333333
CFD1601067,0.0017309,UXM,NBL,rrbs,limma,in_silico,3X,0.2065
CFD1601067,0.0021422,UXM,NBL,rrbs,limma,in_silico,4X,0.1652
CFD1601067,0.0042427,UXM,NBL,rrbs,limma,in_silico,5X,0.137666667
CFD1600374,0.379665954,CIBERSORT,NBL,rrbs,limma,in_silico,0X,0.342
CFD1600374,0.184721705,CIBERSORT,NBL,rrbs,limma,in_silico,1X,0.171
CFD1600374,0.115606194,CIBERSORT,NBL,rrbs,limma,in_silico,2X,0.114
CFD1600374,0.063164072,CIBERSORT,NBL,rrbs,limma,in_silico,3X,0.0855
CFD1600374,0.03784703,CIBERSORT,NBL,rrbs,limma,in_silico,4X,0.0684
CFD1600374,0.025678042,CIBERSORT,NBL,rrbs,limma,in_silico,5X,0.057
CFD1600416,0.104757678,CIBERSORT,NBL,rrbs,limma,in_silico,0X,0.418
CFD1600416,0.04042293,CIBERSORT,NBL,rrbs,limma,in_silico,1X,0.2091
CFD1600416,0.013421711,CIBERSORT,NBL,rrbs,limma,in_silico,2X,0.1394
CFD1600416,0,CIBERSORT,NBL,rrbs,limma,in_silico,3X,0.10455
CFD1600416,0,CIBERSORT,NBL,rrbs,limma,in_silico,4X,0.08364
CFD1600416,0,CIBERSORT,NBL,rrbs,limma,in_silico,5X,0.0697
CFD1600417,0.445525789,CIBERSORT,NBL,rrbs,limma,in_silico,0X,0.7
CFD1600417,0.10396711,CIBERSORT,NBL,rrbs,limma,in_silico,1X,0.35
CFD1600417,0.078318177,CIBERSORT,NBL,rrbs,limma,in_silico,2X,0.233333333
CFD1600417,0.032192408,CIBERSORT,NBL,rrbs,limma,in_silico,3X,0.175
CFD1600417,0.014552978,CIBERSORT,NBL,rrbs,limma,in_silico,4X,0.14
CFD1600417,0,CIBERSORT,NBL,rrbs,limma,in_silico,5X,0.116666667
CFD1601067,0.322152299,CIBERSORT,NBL,rrbs,limma,in_silico,0X,0.826
CFD1601067,0.091659801,CIBERSORT,NBL,rrbs,limma,in_silico,1X,0.413
CFD1601067,0.049501102,CIBERSORT,NBL,rrbs,limma,in_silico,2X,0.275333333
CFD1601067,0.008109765,CIBERSORT,NBL,rrbs,limma,in_silico,3X,0.2065
CFD1601067,0.015068427,CIBERSORT,NBL,rrbs,limma,in_silico,4X,0.1652
CFD1601067,0,CIBERSORT,NBL,rrbs,limma,in_silico,5X,0.137666667
CFD1600374,0.281,meth_atlas,NBL,rrbs,limma,in_silico,0X,0.342
CFD1600374,0.14,meth_atlas,NBL,rrbs,limma,in_silico,1X,0.171
CFD1600374,0.097,meth_atlas,NBL,rrbs,limma,in_silico,2X,0.114
CFD1600374,0.074,meth_atlas,NBL,rrbs,limma,in_silico,3X,0.0855
CFD1600374,0.06,meth_atlas,NBL,rrbs,limma,in_silico,4X,0.0684
CFD1600374,0.05,meth_atlas,NBL,rrbs,limma,in_silico,5X,0.057
CFD1600416,0.179,meth_atlas,NBL,rrbs,limma,in_silico,0X,0.418
CFD1600416,0.077,meth_atlas,NBL,rrbs,limma,in_silico,1X,0.2091
CFD1600416,0.054,meth_atlas,NBL,rrbs,limma,in_silico,2X,0.1394
CFD1600416,0.043,meth_atlas,NBL,rrbs,limma,in_silico,3X,0.10455
CFD1600416,0.035,meth_atlas,NBL,rrbs,limma,in_silico,4X,0.08364
CFD1600416,0.03,meth_atlas,NBL,rrbs,limma,in_silico,5X,0.0697
CFD1600417,0.476,meth_atlas,NBL,rrbs,limma,in_silico,0X,0.7
CFD1600417,0.212,meth_atlas,NBL,rrbs,limma,in_silico,1X,0.35
CFD1600417,0.141,meth_atlas,NBL,rrbs,limma,in_silico,2X,0.233333333
CFD1600417,0.106,meth_atlas,NBL,rrbs,limma,in_silico,3X,0.175
CFD1600417,0.085,meth_atlas,NBL,rrbs,limma,in_silico,4X,0.14
CFD1600417,0.071,meth_atlas,NBL,rrbs,limma,in_silico,5X,0.116666667
CFD1601067,0.373,meth_atlas,NBL,rrbs,limma,in_silico,0X,0.826
CFD1601067,0.158,meth_atlas,NBL,rrbs,limma,in_silico,1X,0.413
CFD1601067,0.104,meth_atlas,NBL,rrbs,limma,in_silico,2X,0.275333333
CFD1601067,0.078,meth_atlas,NBL,rrbs,limma,in_silico,3X,0.2065
CFD1601067,0.062,meth_atlas,NBL,rrbs,limma,in_silico,4X,0.1652
CFD1601067,0.051,meth_atlas,NBL,rrbs,limma,in_silico,5X,0.137666667
CFD1600374,0.416504658,EpiDISH,NBL,rrbs,limma,in_silico,0X,0.342
CFD1600374,0.254435896,EpiDISH,NBL,rrbs,limma,in_silico,1X,0.171
CFD1600374,0.173557006,EpiDISH,NBL,rrbs,limma,in_silico,2X,0.114
CFD1600374,0.119671347,EpiDISH,NBL,rrbs,limma,in_silico,3X,0.0855
CFD1600374,0.092318483,EpiDISH,NBL,rrbs,limma,in_silico,4X,0.0684
CFD1600374,0.070426291,EpiDISH,NBL,rrbs,limma,in_silico,5X,0.057
CFD1600416,0.203895477,EpiDISH,NBL,rrbs,limma,in_silico,0X,0.418
CFD1600416,0.064982968,EpiDISH,NBL,rrbs,limma,in_silico,1X,0.2091
CFD1600416,0.024119946,EpiDISH,NBL,rrbs,limma,in_silico,2X,0.1394
CFD1600416,0,EpiDISH,NBL,rrbs,limma,in_silico,3X,0.10455
CFD1600416,0,EpiDISH,NBL,rrbs,limma,in_silico,4X,0.08364
CFD1600416,0,EpiDISH,NBL,rrbs,limma,in_silico,5X,0.0697
CFD1600417,0.487297706,EpiDISH,NBL,rrbs,limma,in_silico,0X,0.7
CFD1600417,0.180324461,EpiDISH,NBL,rrbs,limma,in_silico,1X,0.35
CFD1600417,0.086381109,EpiDISH,NBL,rrbs,limma,in_silico,2X,0.233333333
CFD1600417,0.035335322,EpiDISH,NBL,rrbs,limma,in_silico,3X,0.175
CFD1600417,0.015150579,EpiDISH,NBL,rrbs,limma,in_silico,4X,0.14
CFD1600417,0,EpiDISH,NBL,rrbs,limma,in_silico,5X,0.116666667
CFD1601067,0.373454162,EpiDISH,NBL,rrbs,limma,in_silico,0X,0.826
CFD1601067,0.130379724,EpiDISH,NBL,rrbs,limma,in_silico,1X,0.413
CFD1601067,0.058712729,EpiDISH,NBL,rrbs,limma,in_silico,2X,0.275333333
CFD1601067,0.014846332,EpiDISH,NBL,rrbs,limma,in_silico,3X,0.2065
CFD1601067,0.002588794,EpiDISH,NBL,rrbs,limma,in_silico,4X,0.1652
CFD1601067,0,EpiDISH,NBL,rrbs,limma,in_silico,5X,0.137666667
CFD1600374,0.0349,PRMeth,NBL,rrbs,limma,in_silico,0X,0.342
CFD1600374,0.0079,PRMeth,NBL,rrbs,limma,in_silico,1X,0.171
CFD1600374,0.0017,PRMeth,NBL,rrbs,limma,in_silico,2X,0.114
CFD1600374,0,PRMeth,NBL,rrbs,limma,in_silico,3X,0.0855
CFD1600374,0,PRMeth,NBL,rrbs,limma,in_silico,4X,0.0684
CFD1600374,0,PRMeth,NBL,rrbs,limma,in_silico,5X,0.057
CFD1600416,0.0767,PRMeth,NBL,rrbs,limma,in_silico,0X,0.418
CFD1600416,0.0395,PRMeth,NBL,rrbs,limma,in_silico,1X,0.2091
CFD1600416,0.0253,PRMeth,NBL,rrbs,limma,in_silico,2X,0.1394
CFD1600416,0.0183,PRMeth,NBL,rrbs,limma,in_silico,3X,0.10455
CFD1600416,0.014,PRMeth,NBL,rrbs,limma,in_silico,4X,0.08364
CFD1600416,0.0111,PRMeth,NBL,rrbs,limma,in_silico,5X,0.0697
CFD1600417,0.0807,PRMeth,NBL,rrbs,limma,in_silico,0X,0.7
CFD1600417,0.0203,PRMeth,NBL,rrbs,limma,in_silico,1X,0.35
CFD1600417,0.007,PRMeth,NBL,rrbs,limma,in_silico,2X,0.233333333
CFD1600417,0.0033,PRMeth,NBL,rrbs,limma,in_silico,3X,0.175
CFD1600417,0.0011,PRMeth,NBL,rrbs,limma,in_silico,4X,0.14
CFD1600417,0,PRMeth,NBL,rrbs,limma,in_silico,5X,0.116666667
CFD1601067,0.0791,PRMeth,NBL,rrbs,limma,in_silico,0X,0.826
CFD1601067,0.0201,PRMeth,NBL,rrbs,limma,in_silico,1X,0.413
CFD1601067,0.0089,PRMeth,NBL,rrbs,limma,in_silico,2X,0.275333333
CFD1601067,0.005,PRMeth,NBL,rrbs,limma,in_silico,3X,0.2065
CFD1601067,0.0022,PRMeth,NBL,rrbs,limma,in_silico,4X,0.1652
CFD1601067,0.0009,PRMeth,NBL,rrbs,limma,in_silico,5X,0.137666667
CFD1600374,0.404699956,EpiSCORE,NBL,rrbs,limma,in_silico,0X,0.342
CFD1600374,0.238927148,EpiSCORE,NBL,rrbs,limma,in_silico,1X,0.171
CFD1600374,0.16053375,EpiSCORE,NBL,rrbs,limma,in_silico,2X,0.114
CFD1600374,0.113653662,EpiSCORE,NBL,rrbs,limma,in_silico,3X,0.0855
CFD1600374,0.087085319,EpiSCORE,NBL,rrbs,limma,in_silico,4X,0.0684
CFD1600374,0.06754658,EpiSCORE,NBL,rrbs,limma,in_silico,5X,0.057
CFD1600416,0.199249947,EpiSCORE,NBL,rrbs,limma,in_silico,0X,0.418
CFD1600416,0.072556991,EpiSCORE,NBL,rrbs,limma,in_silico,1X,0.2091
CFD1600416,0.034016693,EpiSCORE,NBL,rrbs,limma,in_silico,2X,0.1394
CFD1600416,0.009625801,EpiSCORE,NBL,rrbs,limma,in_silico,3X,0.10455
CFD1600416,0,EpiSCORE,NBL,rrbs,limma,in_silico,4X,0.08364
CFD1600416,0,EpiSCORE,NBL,rrbs,limma,in_silico,5X,0.0697
CFD1600417,0.489406965,EpiSCORE,NBL,rrbs,limma,in_silico,0X,0.7
CFD1600417,0.193127373,EpiSCORE,NBL,rrbs,limma,in_silico,1X,0.35
CFD1600417,0.104385259,EpiSCORE,NBL,rrbs,limma,in_silico,2X,0.233333333
CFD1600417,0.059293711,EpiSCORE,NBL,rrbs,limma,in_silico,3X,0.175
CFD1600417,0.038625554,EpiSCORE,NBL,rrbs,limma,in_silico,4X,0.14
CFD1600417,0.019540034,EpiSCORE,NBL,rrbs,limma,in_silico,5X,0.116666667
CFD1601067,0.376354581,EpiSCORE,NBL,rrbs,limma,in_silico,0X,0.826
CFD1601067,0.145153148,EpiSCORE,NBL,rrbs,limma,in_silico,1X,0.413
CFD1601067,0.073864378,EpiSCORE,NBL,rrbs,limma,in_silico,2X,0.275333333
CFD1601067,0.03818617,EpiSCORE,NBL,rrbs,limma,in_silico,3X,0.2065
CFD1601067,0.022015928,EpiSCORE,NBL,rrbs,limma,in_silico,4X,0.1652
CFD1601067,0.009431009,EpiSCORE,NBL,rrbs,limma,in_silico,5X,0.137666667
CFD1600374,0.306013003,Houseman_eq,NBL,rrbs,limma,in_silico,0X,0.342
CFD1600374,0.164386417,Houseman_eq,NBL,rrbs,limma,in_silico,1X,0.171
CFD1600374,0.114655199,Houseman_eq,NBL,rrbs,limma,in_silico,2X,0.114
CFD1600374,0.087588331,Houseman_eq,NBL,rrbs,limma,in_silico,3X,0.0855
CFD1600374,0.070968225,Houseman_eq,NBL,rrbs,limma,in_silico,4X,0.0684
CFD1600374,0.05971599,Houseman_eq,NBL,rrbs,limma,in_silico,5X,0.057
CFD1600416,0.183371388,Houseman_eq,NBL,rrbs,limma,in_silico,0X,0.418
CFD1600416,0.074658877,Houseman_eq,NBL,rrbs,limma,in_silico,1X,0.2091
CFD1600416,0.051514047,Houseman_eq,NBL,rrbs,limma,in_silico,2X,0.1394
CFD1600416,0.040265609,Houseman_eq,NBL,rrbs,limma,in_silico,3X,0.10455
CFD1600416,0.032487695,Houseman_eq,NBL,rrbs,limma,in_silico,4X,0.08364
CFD1600416,0.027053441,Houseman_eq,NBL,rrbs,limma,in_silico,5X,0.0697
CFD1600417,0.467759499,Houseman_eq,NBL,rrbs,limma,in_silico,0X,0.7
CFD1600417,0.234059459,Houseman_eq,NBL,rrbs,limma,in_silico,1X,0.35
CFD1600417,0.159621567,Houseman_eq,NBL,rrbs,limma,in_silico,2X,0.233333333
CFD1600417,0.121009265,Houseman_eq,NBL,rrbs,limma,in_silico,3X,0.175
CFD1600417,0.09734522,Houseman_eq,NBL,rrbs,limma,in_silico,4X,0.14
CFD1600417,0.081323363,Houseman_eq,NBL,rrbs,limma,in_silico,5X,0.116666667
CFD1601067,0.384567897,Houseman_eq,NBL,rrbs,limma,in_silico,0X,0.826
CFD1601067,0.182301114,Houseman_eq,NBL,rrbs,limma,in_silico,1X,0.413
CFD1601067,0.122053802,Houseman_eq,NBL,rrbs,limma,in_silico,2X,0.275333333
CFD1601067,0.091396097,Houseman_eq,NBL,rrbs,limma,in_silico,3X,0.2065
CFD1601067,0.073064885,Houseman_eq,NBL,rrbs,limma,in_silico,4X,0.1652
CFD1601067,0.060811548,Houseman_eq,NBL,rrbs,limma,in_silico,5X,0.137666667
CFD1600374,0.229470971,Houseman_ineq,NBL,rrbs,limma,in_silico,0X,0.342
CFD1600374,0.129044186,Houseman_ineq,NBL,rrbs,limma,in_silico,1X,0.171
CFD1600374,0.091546235,Houseman_ineq,NBL,rrbs,limma,in_silico,2X,0.114
CFD1600374,0.070957882,Houseman_ineq,NBL,rrbs,limma,in_silico,3X,0.0855
CFD1600374,0.057905904,Houseman_ineq,NBL,rrbs,limma,in_silico,4X,0.0684
CFD1600374,0.049228245,Houseman_ineq,NBL,rrbs,limma,in_silico,5X,0.057
CFD1600416,0.168780478,Houseman_ineq,NBL,rrbs,limma,in_silico,0X,0.418
CFD1600416,0.074658877,Houseman_ineq,NBL,rrbs,limma,in_silico,1X,0.2091
CFD1600416,0.051514047,Houseman_ineq,NBL,rrbs,limma,in_silico,2X,0.1394
CFD1600416,0.040265609,Houseman_ineq,NBL,rrbs,limma,in_silico,3X,0.10455
CFD1600416,0.032487695,Houseman_ineq,NBL,rrbs,limma,in_silico,4X,0.08364
CFD1600416,0.027053441,Houseman_ineq,NBL,rrbs,limma,in_silico,5X,0.0697
CFD1600417,0.372685636,Houseman_ineq,NBL,rrbs,limma,in_silico,0X,0.7
CFD1600417,0.191294401,Houseman_ineq,NBL,rrbs,limma,in_silico,1X,0.35
CFD1600417,0.132115683,Houseman_ineq,NBL,rrbs,limma,in_silico,2X,0.233333333
CFD1600417,0.101201741,Houseman_ineq,NBL,rrbs,limma,in_silico,3X,0.175
CFD1600417,0.081839129,Houseman_ineq,NBL,rrbs,limma,in_silico,4X,0.14
CFD1600417,0.068940198,Houseman_ineq,NBL,rrbs,limma,in_silico,5X,0.116666667
CFD1601067,0.297066294,Houseman_ineq,NBL,rrbs,limma,in_silico,0X,0.826
CFD1601067,0.144762174,Houseman_ineq,NBL,rrbs,limma,in_silico,1X,0.413
CFD1601067,0.09808434,Houseman_ineq,NBL,rrbs,limma,in_silico,2X,0.275333333
CFD1601067,0.074569782,Houseman_ineq,NBL,rrbs,limma,in_silico,3X,0.2065
CFD1601067,0.05981005,Houseman_ineq,NBL,rrbs,limma,in_silico,4X,0.1652
CFD1601067,0.050265086,Houseman_ineq,NBL,rrbs,limma,in_silico,5X,0.137666667