"DMR","healthy","tumor"
"chr1:2005522-2005550",0.941437636363636,0.0485626888888889
"chr4:151504712-151504765",0.892995636363636,0.0184918066666667
"chr9:71223840-71223900",0.962221545454545,0.0897712444444445
"chr18:53074062-53074097",0.966958272727273,0.0990376111111111
"chr8:22446813-22446862",0.884518363636364,0.0173608844444444
"chr12:4040303-4040371",0.963205818181818,0.0984494111111111
"chr16:1069721-1069759",0.925286090909091,0.0686046555555556
"chr16:1069760-1069802",0.876903909090909,0.02114196
"chr16:1037543-1037606",0.869352,0.0227340222222222
"chr10:43186348-43186377",0.963694363636364,0.122535035555556
"chr1:3006293-3006328",0.927069818181818,0.0860913444444444
"chr7:1328806-1328842",0.936301727272727,0.0966620444444444
"chr6:1418893-1418927",0.905455818181818,0.0667181066666667
"chr9:130516751-130516815",0.867992818181818,0.0309888488888889
"chr7:155913468-155913528",0.914228545454545,0.0776487333333333
"chr9:133297540-133297597",0.893238727272727,0.0628001444444444
"chr8:49494150-49494203",0.933191545454545,0.103254923333333
"chr9:124505911-124505950",0.873441363636364,0.0542402622222222
"chr7:1460884-1460919",0.930713727272727,0.112225911111111
"chr13:112563460-112563504",0.914932818181818,0.0982603311111111
"chr8:49493812-49493880",0.915052454545455,0.102556555555556
"chr8:1203329-1203361",0.942112909090909,0.132159044444444
"chr12:58131673-58131704",0.904185818181818,0.0958962977777778
"chr12:58129922-58129956",0.853843454545455,0.0478283444444444
"chr18:75565043-75565097",0.933407363636364,0.128750524444444
"chr16:31383037-31383103",0.929693272727273,0.126452022222222
"chr7:1328999-1329060",0.915008090909091,0.112404722222222
"chr7:1773907-1773948",0.939452818181818,0.137158066666667
"chr6:63248730-63248796",0.942072090909091,0.145823411111111
"chr15:70326015-70326074",0.877757,0.0906716922222222
"chr1:3059730-3059773",0.935458090909091,0.149472622222222
"chr1:2948504-2948530",0.863450454545455,0.0791472111111111
"chr13:112782738-112782812",0.921341454545455,0.137546191111111
"chr7:1315132-1315193",0.847024,0.0636147266666667
"chr1:157895395-157895458",0.963202363636364,0.180296353333333
"chr18:76572203-76572270",0.845333545454545,0.0652736333333333
"chr5:2442945-2442975",0.860880545454545,0.0816063888888889
"chr1:4221521-4221572",0.864328545454545,0.0851955444444444
"chr10:26855935-26855977",0.950701,0.1730279
"chr7:2968282-2968321",0.950927181818182,0.175347722222222
"chr6:114181347-114181388",0.856703727272727,0.0825013555555556
"chr16:67687485-67687528",0.829396272727273,0.05567877
"chr17:71715905-71715963",0.928685454545455,0.156975488888889
"chr20:25290812-25290883",0.818512181818182,0.0478963555555556
"chr12:5970795-5970841",0.952882727272727,0.183606688888889
"chr19:14875685-14875752",0.964004545454546,0.1948231
"chr10:2932371-2932426",0.900514909090909,0.135911677777778
"chr7:63865703-63865765",0.897561090909091,0.133747544444444
"chr7:27146279-27146323",0.895216636363636,0.132370466666667
"chr7:155623780-155623859",0.939858636363636,0.179030211111111
"chr4:151501212-151501277",0.926094545454545,0.167051845555556
"chr11:48247113-48247180",0.841729545454545,0.0843836777777778
"chr5:2180263-2180306",0.867258090909091,0.1099566
"chr1:120007903-120007970",0.957297272727273,0.201515011111111
"chr14:77492665-77492730",0.927850818181818,0.174221022222222
"chr7:27155301-27155371",0.890573272727273,0.139422488888889
"chr12:132976381-132976418",0.913186363636364,0.165645344444444
"chr21:46122178-46122225",0.931652090909091,0.184359455555556
"chr5:1729872-1729933",0.921931363636364,0.174669622222222
"chr16:1034322-1034376",0.908204636363636,0.164136322222222
"chr19:50789892-50789972",0.92959,0.185587988888889
"chr14:77492731-77492783",0.873769363636364,0.131231828888889
"chr3:121861889-121861947",0.964235181818182,0.222832166666667
"chr7:1303143-1303217",0.774565909090909,0.0335851888888889
"chr1:147301205-147301268",0.984936181818182,0.245527944444444
"chr7:27147662-27147730",0.899304090909091,0.160339493333333
"chr18:76217145-76217216",0.835088272727273,0.0963944111111111
"chr1:1007576-1007615",0.934218909090909,0.197927388888889
"chr19:1071342-1071373",0.865668181818182,0.129569755555556
"chr14:77492492-77492531",0.937482272727273,0.204323481111111
"chr7:39393583-39393638",0.909866636363636,0.176893333333333
"chr5:2112428-2112466",0.928003909090909,0.198622011111111
"chr12:4290941-4291005",0.955296363636364,0.226232266666667
"chr12:58131745-58131773",0.861598818181818,0.133889276666667
"chr16:1036179-1036229",0.880110090909091,0.1529883
"chr13:112906633-112906679",0.924623,0.200590211111111
"chr7:27153580-27153654",0.834597090909091,0.112512744444444
"chr19:4571646-4571684",0.866795727272727,0.144995811111111
"chr14:19106910-19106977",0.853860545454545,0.132587001111111
"chr13:110433991-110434029",0.861779454545455,0.14282942
"chr16:85320513-85320615",0.931890545454545,0.220256666666667
"chr18:77563736-77563774",0.938579,0.229542734444444
"chr10:38445631-38445692",0.884336818181818,0.176792133333333
"chr16:1035176-1035244",0.945258545454545,0.238444188888889
"chr1:245769649-245769700",0.960432545454545,0.253987244444444
"chr7:1330727-1330786",0.819480090909091,0.116010588888889
"chr8:63781881-63781928",0.953553,0.250500333333333
"chr16:1035245-1035281",0.974447181818182,0.272079033333333
"chr20:30054259-30054326",0.944341363636364,0.242244177777778
"chr17:64299974-64300041",0.843328090909091,0.141905433333333
"chr7:1389348-1389399",0.797514545454545,0.0961965444444444
"chr5:2261505-2261567",0.886693818181818,0.1862826
"chr20:61785130-61785172",0.809582454545455,0.109406644444444
"chr1:2777313-2777348",0.965058454545455,0.265186244444444
"chr16:1233628-1233667",0.819649545454545,0.120662522222222
"chr10:134543830-134543870",0.957668272727273,0.258782544444444
"chr13:112619927-112619995",0.854779181818182,0.156478811111111
"chr7:1328740-1328805",0.898969454545455,0.200710122222222
"chr12:62273150-62273185",0.939582909090909,0.241512853333333
"chr2:2791558-2791602",0.817033454545455,0.119347477777778
"chr3:88316086-88316122",0.927688909090909,0.230663044444444
"chr3:87991575-87991615",0.961095090909091,0.264514644444444
"chr15:40268812-40268852",0.916635818181818,0.221544922222222
"chr11:47377130-47377179",0.787629181818182,0.0928609911111111
"chr19:15974421-15974493",0.860379818181818,0.166943311111111
"chr16:31367107-31367145",0.910022636363636,0.217479704444444
"chr2:91845220-91845296",0.861541727272727,0.1695129
"chr16:31849831-31849898",0.865547818181818,0.173576488888889
"chr16:899132-899189",0.965205454545455,0.274292666666667
"chr13:110434614-110434664",0.955645545454545,0.267070011111111
"chr19:2525152-2525194",0.788014636363636,0.100404838888889
"chr17:38473094-38473131",0.810737272727273,0.124565555555556
"chr16:1315857-1315924",0.789039909090909,0.104968077777778
"chr6:74700668-74700705",0.949033181818182,0.266977366666667
"chr17:54526544-54526596",0.928227272727273,0.247378677777778
"chr18:76446189-76446276",0.827939818181818,0.1471067
"chr11:63852874-63852929",0.943436272727273,0.263857477777778
"chr13:112562834-112562890",0.769322,0.0906981122222222
"chr16:1254844-1254885",0.855999727272727,0.177497473333333
"chr10:23400087-23400160",0.957271727272727,0.280233196666667
"chr9:128821183-128821208",0.954362818181818,0.278910166666667
"chr1:2815996-2816060",0.927042181818182,0.2516272
"chr7:62573386-62573464",0.903101090909091,0.227836166666667
"chr4:43351663-43351730",0.905702545454545,0.2307347
"chr13:112161584-112161628",0.898820454545455,0.225395655555556
"chr17:1184194-1184271",0.875869545454545,0.202527088888889
"chr16:1312649-1312684",0.922790272727273,0.249546966666667
"chr13:112630263-112630316",0.894716,0.221972833333333
"chr7:150174232-150174274",0.940497363636364,0.268413855555556
"chr12:34494852-34494922",0.804857727272727,0.133840255555556
"chr11:1078638-1078674",0.948155363636364,0.277411988888889
"chr12:58384657-58384724",0.967180636363636,0.297622477777778
"chr16:89000291-89000344",0.927880636363636,0.258682222222222
"chr14:20334079-20334137",0.911793636363636,0.242750388888889
"chr16:1033590-1033635",0.879571818181818,0.210744444444444
"chr17:8794076-8794155",0.952499363636364,0.283949333333333
"chr22:17489167-17489224",0.938526454545455,0.271059454444444
"chr16:67687179-67687211",0.733875909090909,0.0664442777777778
"chr12:54772838-54772883",0.751023272727273,0.0850476144444444
"chr12:132983870-132983931",0.895135909090909,0.229426911111111
"chr21:37919827-37919874",0.914137181818182,0.248451333333333
"chr16:902685-902746",0.932231545454545,0.268376866666667
"chr9:40716079-40716146",0.883105,0.220053522222222
"chr8:143695035-143695079",0.813032545454545,0.150213322222222
"chr5:1729798-1729861",0.879171181818182,0.218520242222222
"chr12:132917990-132918052",0.947596454545455,0.288227688888889
"chr18:77273208-77273247",0.966128818181818,0.306771888888889
"chr13:25635592-25635659",0.906367181818182,0.247239877777778
"chr7:155797148-155797186",0.916061636363636,0.257555162222222
"chr10:133273497-133273549",0.914722636363636,0.256358422222222
"chr1:170816009-170816076",0.937222727272727,0.278865033333333
"chr12:132865389-132865434",0.916085545454545,0.259182733333333
"chr13:110434665-110434724",0.960832909090909,0.304208155555556
"chr11:47377195-47377230",0.818785090909091,0.16239548
"chr7:27147630-27147661",0.881210636363636,0.225358496666667
"chr4:1025950-1025986",0.724436363636364,0.0693276422222222
"chr13:112908803-112908839",0.814294545454545,0.160811166666667
"chr19:17115393-17115438",0.943154727272727,0.289827422222222
"chr8:52143277-52143325",0.849756454545455,0.196989666666667
"chr1:157416313-157416393",0.973842909090909,0.321341744444444
"chr11:49152778-49152844",0.889181818181818,0.237070077777778
"chr1:3204393-3204439",0.953020818181818,0.301108777777778
"chr11:49684027-49684071",0.924127636363636,0.272753344444444
"chr22:44598763-44598832",0.934924454545455,0.283958433333333
"chr12:38553632-38553720",0.910548181818182,0.259807535555556
"chr7:1330787-1330852",0.781243545454545,0.131443588888889
"chr20:61715195-61715257",0.867425545454545,0.217883806666667
"chr14:57309809-57309874",0.929284363636364,0.281475177777778
"chr7:807403-807461",0.961675818181818,0.315472228888889
"chr9:136172346-136172396",0.939157272727273,0.293824777777778
"chr7:157250360-157250420",0.892621909090909,0.247746755555556
"chr16:33627193-33627253",0.937217454545455,0.293372577777778
"chr6:1080867-1080898",0.958871545454545,0.315552388888889
"chr1:3302664-3302715",0.960360727272727,0.317083666666667
"chr18:76782745-76782809",0.921075909090909,0.277919411111111
"chr7:34490535-34490571",0.913704090909091,0.2714501
"chr6:1586134-1586199",0.910319454545455,0.268461933333333
"chr17:46683514-46683557",0.908054454545455,0.2663757
"chr8:3279493-3279530",0.930794545454545,0.290682577777778
"chr19:6605933-6606000",0.977665363636364,0.339068666666667
"chr19:8191525-8191583",0.874732545454545,0.236595803333333
"chr18:76123691-76123719",0.922563,0.284996644444444
"chr5:10973543-10973588",0.960085363636364,0.322547266666667
"chr5:3188312-3188364",0.929972272727273,0.293746833333333
"chr7:807582-807637",0.975531909090909,0.339926384444444
"chr15:40583488-40583524",0.814886363636364,0.179425766666667
"chr12:58132264-58132295",0.768974818181818,0.133940288888889
"chr1:248855089-248855142",0.862530090909091,0.2275795
"chr16:1267537-1267614",0.884859909090909,0.250449
"chr7:807638-807696",0.968579363636364,0.334260255555556
"chr14:99059382-99059425",0.909295363636364,0.2755266
"chr17:46628172-46628204",0.901292272727273,0.269099166666667
"chr19:38968461-38968514",0.782599454545455,0.150820555555556
"chr7:27215299-27215370",0.880682636363636,0.249265377777778
"chr11:70813470-70813522",0.914977545454545,0.283572555555556
"chr19:1071728-1071778",0.882770636363636,0.251410633333333
"chr10:37788982-37789049",0.857409545454546,0.227532955555556
"chr11:61486397-61486462",0.866968,0.241350233333333
"chr20:799478-799526",0.750036545454545,0.124574766666667
"chr13:112612375-112612420",0.816975272727273,0.192543766666667
"chr12:132979288-132979337",0.862633,0.23823359
"chr17:43319242-43319274",0.899563363636364,0.275264667777778
"chr7:49377712-49377779",0.919799636363636,0.295768155555556
"chr7:71885701-71885764",0.918187090909091,0.295859333333333
"chr15:54065749-54065816",0.949507454545454,0.3271816
"chr9:124329155-124329203",0.791984,0.171101544444444
"chr1:9099754-9099787",0.894158363636364,0.273642917777778
"chr14:41099126-41099166",0.914596363636364,0.294153
"chr1:169630474-169630511",0.971855545454545,0.351762944444444
"chr18:77367667-77367719",0.927277636363636,0.307270322222222
"chr5:2112096-2112132",0.911848727272727,0.291843366666667
"chr13:110435233-110435286",0.963558272727273,0.343597311111111
"chr14:106066759-106066798",0.922752545454545,0.303233251111111
"chr17:77261424-77261461",0.889874909090909,0.2710874
"chr7:153109484-153109537",0.914318,0.296155933333333
"chr6:169740721-169740754",0.829399636363636,0.211267255555556
"chr19:40264258-40264325",0.775537909090909,0.157936111111111
"chr2:241776264-241776350",0.899969909090909,0.282381655555556
"chr1:3193078-3193117",0.868970272727273,0.252172288888889
"chr17:6575490-6575557",0.956743909090909,0.339997666666667
"chr12:132922656-132922693",0.956913909090909,0.340348922222222
"chr19:45033539-45033576",0.803216272727273,0.1868627
"chr19:43143717-43143763",0.955592272727273,0.339636055555556
"chr16:11529611-11529664",0.879318909090909,0.263432755555556
"chr17:77158401-77158459",0.800950636363636,0.185397922222222
"chr9:96682352-96682403",0.914443181818182,0.299942985555556
"chr7:1435125-1435164",0.763024,0.148725888888889
"chr21:45649523-45649565",0.930351818181818,0.317332344444444
"chr10:132728328-132728364",0.874930545454545,0.262072
"chr16:33595802-33595851",0.906219636363636,0.293994477777778
"chr16:67686818-67686880",0.642370090909091,0.0302498111111111
"chr10:135346334-135346404",0.897937545454545,0.285921811111111
"chr12:133182672-133182722",0.961102363636364,0.350047544444444
"chr7:48721277-48721344",0.835732363636364,0.224806388888889
"chr5:1074302-1074349",0.955141818181818,0.345735666666667
"chr7:2972360-2972395",0.954437909090909,0.3450629
"chr20:62032840-62032908",0.806023545454545,0.196756933333333
"chr12:61049038-61049092",0.888916363636364,0.279772055555556
"chr12:38548765-38548820",0.918405727272727,0.309650177777778
"chr1:3195977-3196022",0.876990363636364,0.269087988888889
"chr17:43319343-43319370",0.903987727272727,0.296340677777778
"chr20:61681930-61681979",0.936344,0.329502522222222
"chr19:1360691-1360738",0.870549636363636,0.263811288888889
"chr7:118947605-118947672",0.922859363636364,0.316276011111111
"chr16:1173808-1173845",0.933506181818182,0.326941311111111
"chr19:3709609-3709656",0.925414454545455,0.320079811111111
"chr2:1740976-1741009",0.914359090909091,0.309192255555556
"chr16:879282-879323",0.864543818181818,0.260164377777778
"chr3:190862645-190862709",0.912741,0.309175188888889
"chr6:374510-374612",0.957132090909091,0.354477555555556
"chr17:77788996-77789027",0.00578029454545455,0.985105111111111
"chr5:176024124-176024155",0.00153860636363636,0.97876
"chr1:65468441-65468502",0.00251361818181818,0.979381333333333
"chr17:77789297-77789350",0.00398104454545455,0.976211222222222
"chr19:1469112-1469145",0.00588495909090909,0.976435555555556
"chr3:48693851-48693881",0.00614049363636364,0.975791777777778
"chr2:220299956-220300007",0.00782080818181818,0.977182888888889
"chr20:57225321-57225359",0.00206611818181818,0.971246888888889
"chr12:1905976-1906034",0.00834102636363636,0.977296666666667
"chr10:77156421-77156487",0.0149892181818182,0.983502
"chr1:156215531-156215564",0.00955657545454545,0.977759777777778
"chr5:68711204-68711265",0.0102797854545455,0.978000444444444
"chr20:57582426-57582455",0.00356506363636364,0.970652333333333
"chr7:100203336-100203397",0.00873193636363636,0.975283
"chr2:25439000-25439054",0.00658234636363636,0.972593888888889
"chr10:77156799-77156834",0.0117592927272727,0.977754444444444
"chr20:57225226-57225256",0,0.964874
"chr1:110612806-110612888",0.00929347636363636,0.973864555555556
"chr2:74669048-74669084",0.00439643727272727,0.967903666666667
"chr6:157557209-157557241",0.00158562727272727,0.964765888888889
"chr10:21789375-21789415",0.00645194545454545,0.967673333333333
"chr19:58907907-58907950",0.00786356818181818,0.968164111111111
"chr10:22624198-22624233",0.0237827545454545,0.983549555555556
"chr2:25439055-25439137",0.0145032309090909,0.973956
"chr16:54970734-54970804",0.0142983872727273,0.973443777777778
"chr15:89922172-89922226",0.01406849,0.973191111111111
"chr5:68710887-68710916",0.0135886909090909,0.972636111111111
"chr11:118481641-118481691",0.00282196,0.961656111111111
"chr2:74669156-74669197",0.0209520636363636,0.979233222222222
"chr9:139741289-139741331",0.00511771363636364,0.963185777777778
"chr1:65468503-65468557",0.000874125454545455,0.958849555555556
"chr12:58013487-58013527",0.0148735918181818,0.972701444444444
"chr5:68711138-68711203",0.0235185563636364,0.980669666666667
"chr10:77156184-77156217",0.0214822809090909,0.978502222222222
"chr16:88700943-88700992",0.00775613636363636,0.964161333333333
"chr2:166650143-166650169",0.0239696090909091,0.979637666666667
"chr13:43566271-43566321",0.00578493636363636,0.961435888888889
"chr15:89922039-89922098",0.0135777527272727,0.968756888888889
"chr16:744483-744516",0.0317598645454545,0.986896
"chr17:27945014-27945047",0.0256441827272727,0.980675666666667
"chr12:54441243-54441278",0.00950707636363636,0.964502888888889
"chr2:45179526-45179581",0.0208405727272727,0.975715
"chr7:100203398-100203431",0.0214071,0.976018888888889
"chr1:65468558-65468596",0.00375874363636364,0.958150666666667
"chr16:88701140-88701189",0.0145182527272727,0.967576777777778
"chr2:166649916-166649961",0.0219238818181818,0.974901666666667
"chr4:8271564-8271609",0.00763361090909091,0.960373333333333
"chr16:68270200-68270257",0.0213083,0.973970444444444
"chr16:54967227-54967258",0.0280813690909091,0.980424888888889
"chr10:105344416-105344442",0.0275490572727273,0.979866555555556
"chr17:39683748-39683804",0.0220109727272727,0.974103444444444
"chr19:1467933-1467986",0.0159228454545455,0.967891333333333
"chr2:220313625-220313677",0.0146843918181818,0.966192777777778
"chr4:48492118-48492180",0.00859755090909091,0.959796
"chr16:54971682-54971746",0.0291500854545455,0.979793555555556
"chr2:43019971-43020012",0.00118587090909091,0.951584444444444
"chr2:7571124-7571171",0.0131145290909091,0.963508444444445
"chr17:39684379-39684418",0.02257577,0.972733222222222
"chr15:35087616-35087649",0.0221307909090909,0.972180444444444
"chr9:140918039-140918093",0.0216814054545455,0.971589888888889
"chr19:1467882-1467932",0.0297086763636364,0.979539111111111
"chr11:116450812-116450854",0.0203275236363636,0.969505111111111
"chr15:28352514-28352560",0.00638528181818182,0.955510444444444
"chr1:59612697-59612721",0.00682300272727273,0.955226222222222
"chr12:54441218-54441242",0.0329798336363636,0.980563222222222
"chr2:220313781-220313816",0.0141610636363636,0.961716444444444
"chr8:102506000-102506044",0.0315221227272727,0.979071
"chr2:220349045-220349075",0.0311786090909091,0.978678666666667
"chr2:45179778-45179818",0.0032529,0.950124555555556
"chr8:72469422-72469476",0.0207596190909091,0.967428333333333
"chr4:87825341-87825384",0.0360548981818182,0.982382888888889
"chr22:19711907-19711930",0.0313138836363636,0.977570777777778
"chr8:102506106-102506137",0.0118181509090909,0.958047888888889
"chr17:59529110-59529137",0.00817092272727273,0.954019
"chr15:35087692-35087733",0.0133918672727273,0.959129555555556
"chr2:27958515-27958547",0.0336665545454545,0.979157444444444
"chr17:1960676-1960729",0.0409749354545455,0.986220888888889
"chr2:26407531-26407561",0.0362644690909091,0.980974444444444
"chr17:2627719-2627754",0.0372398,0.981788666666667
"chr16:54971145-54971179",0.00554530909090909,0.949657888888889
"chr11:10472431-10472464",0.00401749545454545,0.948092888888889
"chr3:141516571-141516612",0.00706987363636364,0.950587777777778
"chr18:12911092-12911143",0.00473811545454545,0.947837
"chr4:8869617-8869643",0.0267044536363636,0.969785666666667
"chr16:88700897-88700942",0.0240998727272727,0.967093
"chr4:8874652-8874686",0.0166216972727273,0.959538333333333
"chr14:101013025-101013069",0.00364384090909091,0.946520111111111
"chr2:177030159-177030199",0.0305935554545455,0.973417666666667
"chr13:43566237-43566270",0.00282025272727273,0.945636888888889
"chr4:55092781-55092840",0.0346632236363636,0.977366666666667
"chr22:29470021-29470061",0.0385852454545455,0.981125666666667
"chr1:32410292-32410349",0.0148258581818182,0.957285333333333
"chr2:220299712-220299758",0.0222748463636364,0.964630555555556
"chr5:140871551-140871589",0.0306770454545455,0.972935888888889
"chr19:1471076-1471126",0.0144737409090909,0.956718777777778
"chr2:27958416-27958458",0.0145243636363636,0.956031888888889
"chr20:57582521-57582548",0.0389992181818182,0.980395333333333
"chr11:10472149-10472196",0.00166270636363636,0.943034777777778
"chr13:26586706-26586729",0.0208342436363636,0.961888
"chr17:27943045-27943114",0.0164161618181818,0.957447444444444
"chr17:79486057-79486089",0.0182708545454545,0.959055444444444
"chr9:140917894-140917940",0.0106831436363636,0.951408777777778
"chr11:116451299-116451340",0.0153919590909091,0.955664333333333
"chr22:24890744-24890788",0.0230475690909091,0.963303666666667
"chr4:8869470-8869501",0.0199995563636364,0.959639333333333
"chr15:28352561-28352612",0.00137740909090909,0.941006777777778
"chr17:59531993-59532042",0.0194159,0.958864444444444
"chr10:73846983-73847022",0.0312370545454545,0.969782666666667
"chr16:88700869-88700896",0.00665758181818182,0.945029444444444
"chr6:1620405-1620463",0.0363797309090909,0.974625
"chr17:59529330-59529366",0.0149476427272727,0.953138
"chr11:118480639-118480693",0.0294847090909091,0.967354666666667
"chr3:128274129-128274178",0.0103786645454545,0.948191444444444
"chr7:23287488-23287531",0.0317640963636364,0.969522333333333
"chr11:116451200-116451239",0.0200319072727273,0.957635333333333
"chr17:59529464-59529527",0.0151717454545455,0.952600444444444
"chr15:89914451-89914500",0.0243187381818182,0.961639222222222
"chr2:220300008-220300044",0.0322571263636364,0.969558333333333
"chr4:183062325-183062359",0.0458437681818182,0.983102555555556
"chr2:79220381-79220465",0.01373087,0.950814
"chr19:17439844-17439879",0.0298237981818182,0.966846777777778
"chr10:103044168-103044210",0.0145427818181818,0.951389333333333
"chr8:1649462-1649500",0.0100645190909091,0.946543111111111
"chr6:41528747-41528815",0.0318227272727273,0.968035444444444
"chr16:744850-744925",0.0142872554545455,0.950496666666667
"chr11:64480432-64480498",0.037306,0.973082111111111
"chr5:149682020-149682053",0.0117975227272727,0.947408222222222
"chr18:55095043-55095092",0.0202859172727273,0.955881555555556
"chr2:42328724-42328777",0.04182489,0.977219444444444
"chr2:121344962-121344987",0.00748294818181818,0.942658444444444
"chr1:59612662-59612696",0.0053318,0.940406111111111
"chr3:170137533-170137580",0.0324165645454545,0.967121777777778
"chr19:46997148-46997241",0.0169594454545455,0.951555555555556
"chr12:52301296-52301336",0.0164218609090909,0.950890333333333
"chr15:89950893-89950976",0.0252815090909091,0.959736111111111
"chr2:74743207-74743294",0.0250222363636364,0.959029111111111
"chr2:80549678-80549730",0.0331700363636364,0.967063777777778
"chr15:91427470-91427522",0.00848903636363636,0.942162444444444
"chr4:8271617-8271645",0.00694444545454545,0.939987444444444
"chr2:45240510-45240562",0.0331492254545455,0.966088111111111
"chr4:8862020-8862051",0.0395534836363636,0.971747222222222
"chr5:132083442-132083494",0.0366160945454545,0.967971111111111
"chr6:137244992-137245026",0.0356151545454545,0.965598111111111
"chr22:40390798-40390825",0.04618404,0.975935333333333
"chr15:45427612-45427644",0.00923294545454545,0.938941333333333
"chr6:41516031-41516084",0.0422776963636364,0.971542333333333
"chr7:75912243-75912270",0.0172923009090909,0.946336888888889
"chr22:19711931-19711968",0.0541268281818182,0.983086777777778
"chr17:59482650-59482699",0.0373267,0.966172222222222
"chr2:74669103-74669155",0.0102590218181818,0.938805
"chr2:45235652-45235710",0.0470343609090909,0.975409555555556
"chr2:25500348-25500415",0.0334258836363636,0.961701555555556
"chr11:10472070-10472098",0.0208163454545455,0.949090777777778
"chr19:1468727-1468804",0.0397681990909091,0.967827333333333
"chr17:77789588-77789656",0.0421610545454545,0.970014222222222
"chr10:46970677-46970712",0.00605642636363636,0.933305
"chr7:157481658-157481703",0.0379971763636364,0.964899444444444
"chr10:88728458-88728522",0.0379561972727273,0.964783
"chr2:177016562-177016615",0.0524290636363636,0.978985777777778
"chr7:150748375-150748440",0.00437874363636364,0.930769
"chr6:36098137-36098172",0.0283578481818182,0.954458555555556
"chr2:45156764-45156795",0.0370610918181818,0.963085666666667
"chr16:88701074-88701110",0.0128281518181818,0.938795555555556
"chr19:46997017-46997056",0.00561885636363636,0.931413666666667
"chr1:110613189-110613236",0.00973457272727273,0.935491555555556
"chr2:45029780-45029844",0.0131944718181818,0.938769
"chr17:79486137-79486205",0.00442528363636364,0.929937777777778
"chr8:145698602-145698627",0.0577617418181818,0.982930333333333
"chr9:98112267-98112304",0.0227990518181818,0.947623777777778
"chr14:102247610-102247687",0.0264375545454545,0.951098777777778
"chr6:157557764-157557801",0.0491544054545455,0.973805555555556
"chr9:124498580-124498611",0.0557121581818182,0.980142444444444
"chr6:157557726-157557763",0.0377042827272727,0.961942666666667
"chr6:44244135-44244172",0.0359469172727273,0.959691444444444
"chr11:72301341-72301371",0.0350909372727273,0.958422
"chr20:2732669-2732703",0.00508309636363636,0.928160555555556
"chr2:45156676-45156732",0.0259790009090909,0.948491555555556
"chr17:59533961-59533993",0.0515882,0.973615444444444
"chr7:2558505-2558547",0.0187051090909091,0.940479333333333
"chr10:77156716-77156785",0.05653306,0.977882444444444
"chr6:157557802-157557827",0.0321181909090909,0.953275
"chr7:75912337-75912378",0.0577642272727273,0.978804
"chr17:1960884-1960933",0.0617440363636364,0.982670555555556
"chr15:74426634-74426660",0.0523894809090909,0.973274555555556
"chr17:42392747-42392775",0.00181818181818182,0.922499333333333
"chr1:6266286-6266333",0.00313447272727273,0.923373888888889
"chr1:44399051-44399100",0.0280571381818182,0.947981888888889
"chr10:126840823-126840872",0.0430736636363636,0.962781555555556
"chr14:102172149-102172196",0.0183154127272727,0.937861
"chr20:57089791-57089853",0.0580092272727273,0.977427888888889
"chr7:23287412-23287463",0.00658174545454546,0.925324777777778
"chr6:1619833-1619867",0.03045691,0.949129222222222
"chr18:24130872-24130929",0.0626660090909091,0.981281555555556
"chr9:124498537-124498579",0.0675208272727273,0.985696555555556
"chr19:2251192-2251222",0.0607052090909091,0.978790444444444
"chr10:88149537-88149579",0.0647753272727273,0.982732777777778
"chr1:156358349-156358399",0.0152579381818182,0.933010888888889
"chr1:151811028-151811058",0.0191846727272727,0.936785444444444
"chr17:59529788-59529857",0.0429619363636364,0.960349333333333
"chr15:89914382-89914450",0.0259385,0.943312666666667
"chr11:10472398-10472430",0.0029755,0.920204888888889
"chr17:59482596-59482649",0.0446413072727273,0.961565
"chr4:48492583-48492610",0.0388618554545455,0.955722666666667
"chr6:42072511-42072553",0.0119865372727273,0.928829888888889
"chr16:73100506-73100567",0.0347406636363636,0.951401555555556
"chr6:42072565-42072608",0.0320986727272727,0.948634
"chr2:219858737-219858782",0.00386746090909091,0.919895444444444
"chr11:118481268-118481301",0.0501020363636364,0.966110111111111
"chr17:1960236-1960285",0.06057687,0.976039
"chr17:59529528-59529583",0.0284802190909091,0.943588777777778
"chr14:102172197-102172240",0.0445406518181818,0.959560222222222
"chr19:30714504-30714562",0.0429386527272727,0.957911666666667
"chr12:124941379-124941416",0.0537388636363636,0.968661666666667
"chr19:3671093-3671125",0.0570732909090909,0.971931
"chr19:42828009-42828033",0.0471273063636364,0.961897888888889
"chr2:231693084-231693139",0.00290941818181818,0.917324777777778
"chr9:124498874-124498917",0.0443844909090909,0.958698666666667
"chr2:174877643-174877696",0.05094811,0.965065777777778
"chr10:46971008-46971085",0.0600796272727273,0.973777555555556
"chr4:8874593-8874651",0.0252559181818182,0.938864888888889
"chr15:35087650-35087691",0.0112056390909091,0.924804222222222
"chr10:43361717-43361763",0.0131418490909091,0.926402666666667
"chr10:88123172-88123228",0.0154188727272727,0.928535333333333
"chr2:177036698-177036766",0.0622367545454545,0.974155222222222
"chr2:231693015-231693083",0.00533231909090909,0.917121666666667
"chr2:220313571-220313606",0.0110461636363636,0.922542
"chr2:177024920-177024954",0.0674460272727273,0.978727888888889
"chr2:45156733-45156763",0.0627542454545455,0.973964333333333
"chr17:36718444-36718467",0.0591516909090909,0.970315555555556
"chr17:59482089-59482120",0.0232138327272727,0.934326222222222
"chr9:19934516-19934552",0.03325612,0.944283444444444
"chr18:10032575-10032617",0.00967111818181818,0.920632888888889
"chr8:145698345-145698393",0.00320453090909091,0.914007777777778
"chr4:8874536-8874592",0.0402537372727273,0.950615
"chr12:49942982-49943029",0.0115840236363636,0.921886
"chr8:142428278-142428349",0.0302860445454545,0.939450555555556
"chr10:94821977-94822039",0.00963775090909091,0.918253111111111
"chr10:43600515-43600549",0.0334859909090909,0.942070555555556
"chr2:47596869-47596911",0.0311334545454545,0.939692444444444
"chr4:780318-780384",0.0465540272727273,0.954946222222222
"chr15:89954859-89954895",0.00499110909090909,0.91325
"chr12:52301365-52301431",0.0392601454545455,0.947264
"chr2:112939244-112939287",0.0343026545454545,0.941559666666667
"chr12:115138263-115138313",0.0703356909090909,0.977549888888889
"chr14:24780515-24780539",0.0421894818181818,0.949295555555556
"chr20:57582366-57582402",0.00453862727272727,0.911569222222222
"chr7:23287352-23287411",0.0221936690909091,0.929006222222222
"chr8:76316505-76316543",0.0176929072727273,0.923724222222222
"chr5:132161530-132161575",0.0686592581818182,0.974660444444444
"chr12:39539292-39539322",0.0142127618181818,0.920199444444444
