,V1,V2
healthy_NBL_0.0001_20000000_rep1,1,0
healthy_NBL_0.0001_20000000_rep10,1,0
healthy_NBL_0.0001_20000000_rep2,1,0
healthy_NBL_0.0001_20000000_rep3,1,0
healthy_NBL_0.0001_20000000_rep4,1,0
healthy_NBL_0.0001_20000000_rep5,1,0
healthy_NBL_0.0001_20000000_rep6,1,0
healthy_NBL_0.0001_20000000_rep7,1,0
healthy_NBL_0.0001_20000000_rep8,1,0
healthy_NBL_0.0001_20000000_rep9,1,0
healthy_NBL_0.001_20000000_rep1,0.9983,0.0017
healthy_NBL_0.001_20000000_rep10,0.9981,0.0019
healthy_NBL_0.001_20000000_rep2,0.999,0.001
healthy_NBL_0.001_20000000_rep3,0.9989,0.0011
healthy_NBL_0.001_20000000_rep4,0.9995,5e-04
healthy_NBL_0.001_20000000_rep5,0.9988,0.0012
healthy_NBL_0.001_20000000_rep6,0.9988,0.0012
healthy_NBL_0.001_20000000_rep7,0.9984,0.0016
healthy_NBL_0.001_20000000_rep8,0.9994,6e-04
healthy_NBL_0.001_20000000_rep9,0.9995,5e-04
healthy_NBL_0.003_20000000_rep1,0.9939,0.0061
healthy_NBL_0.003_20000000_rep10,0.9932,0.0068
healthy_NBL_0.003_20000000_rep2,0.9926,0.0074
healthy_NBL_0.003_20000000_rep3,0.9945,0.0055
healthy_NBL_0.003_20000000_rep4,0.9935,0.0065
healthy_NBL_0.003_20000000_rep5,0.9947,0.0053
healthy_NBL_0.003_20000000_rep6,0.9947,0.0053
healthy_NBL_0.003_20000000_rep7,0.9948,0.0052
healthy_NBL_0.003_20000000_rep8,0.9939,0.0061
healthy_NBL_0.003_20000000_rep9,0.9936,0.0064
healthy_NBL_0.007_20000000_rep1,0.9858,0.0142
healthy_NBL_0.007_20000000_rep10,0.9861,0.0139
healthy_NBL_0.007_20000000_rep2,0.9835,0.0165
healthy_NBL_0.007_20000000_rep3,0.9845,0.0155
healthy_NBL_0.007_20000000_rep4,0.9846,0.0154
healthy_NBL_0.007_20000000_rep5,0.9843,0.0157
healthy_NBL_0.007_20000000_rep6,0.9858,0.0142
healthy_NBL_0.007_20000000_rep7,0.9846,0.0154
healthy_NBL_0.007_20000000_rep8,0.9845,0.0155
healthy_NBL_0.007_20000000_rep9,0.9844,0.0156
healthy_NBL_0.01_20000000_rep1,0.9784,0.0216
healthy_NBL_0.01_20000000_rep10,0.9777,0.0223
healthy_NBL_0.01_20000000_rep2,0.9771,0.0229
healthy_NBL_0.01_20000000_rep3,0.9774,0.0226
healthy_NBL_0.01_20000000_rep4,0.9782,0.0218
healthy_NBL_0.01_20000000_rep5,0.977,0.023
healthy_NBL_0.01_20000000_rep6,0.9771,0.0229
healthy_NBL_0.01_20000000_rep7,0.9778,0.0222
healthy_NBL_0.01_20000000_rep8,0.9795,0.0205
healthy_NBL_0.01_20000000_rep9,0.9781,0.0219
healthy_NBL_0.025_20000000_rep1,0.9426,0.0574
healthy_NBL_0.025_20000000_rep10,0.943,0.057
healthy_NBL_0.025_20000000_rep2,0.9423,0.0577
healthy_NBL_0.025_20000000_rep3,0.943,0.057
healthy_NBL_0.025_20000000_rep4,0.9423,0.0577
healthy_NBL_0.025_20000000_rep5,0.9429,0.0571
healthy_NBL_0.025_20000000_rep6,0.9427,0.0573
healthy_NBL_0.025_20000000_rep7,0.9428,0.0572
healthy_NBL_0.025_20000000_rep8,0.943,0.057
healthy_NBL_0.025_20000000_rep9,0.9424,0.0576
healthy_NBL_0.05_20000000_rep1,0.8854,0.1146
healthy_NBL_0.05_20000000_rep10,0.8865,0.1135
healthy_NBL_0.05_20000000_rep2,0.8863,0.1137
healthy_NBL_0.05_20000000_rep3,0.8881,0.1119
healthy_NBL_0.05_20000000_rep4,0.885,0.115
healthy_NBL_0.05_20000000_rep5,0.8861,0.1139
healthy_NBL_0.05_20000000_rep6,0.8861,0.1139
healthy_NBL_0.05_20000000_rep7,0.8871,0.1129
healthy_NBL_0.05_20000000_rep8,0.8862,0.1138
healthy_NBL_0.05_20000000_rep9,0.8849,0.1151
healthy_NBL_0.1_20000000_rep1,0.7765,0.2235
healthy_NBL_0.1_20000000_rep10,0.7773,0.2227
healthy_NBL_0.1_20000000_rep2,0.7763,0.2237
healthy_NBL_0.1_20000000_rep3,0.7781,0.2219
healthy_NBL_0.1_20000000_rep4,0.7778,0.2222
healthy_NBL_0.1_20000000_rep5,0.7764,0.2236
healthy_NBL_0.1_20000000_rep6,0.7781,0.2219
healthy_NBL_0.1_20000000_rep7,0.7762,0.2238
healthy_NBL_0.1_20000000_rep8,0.7767,0.2233
healthy_NBL_0.1_20000000_rep9,0.7776,0.2224
healthy_NBL_0.25_20000000_rep1,0.4716,0.5284
healthy_NBL_0.25_20000000_rep10,0.4722,0.5278
healthy_NBL_0.25_20000000_rep2,0.4731,0.5269
healthy_NBL_0.25_20000000_rep3,0.4736,0.5264
healthy_NBL_0.25_20000000_rep4,0.4732,0.5268
healthy_NBL_0.25_20000000_rep5,0.4725,0.5275
healthy_NBL_0.25_20000000_rep6,0.4729,0.5271
healthy_NBL_0.25_20000000_rep7,0.4742,0.5258
healthy_NBL_0.25_20000000_rep8,0.473,0.527
healthy_NBL_0.25_20000000_rep9,0.473,0.527
healthy_NBL_0.5_20000000_rep1,0.0018,0.9982
healthy_NBL_0.5_20000000_rep10,0,1
healthy_NBL_0.5_20000000_rep2,8e-04,0.9992
healthy_NBL_0.5_20000000_rep3,0,1
healthy_NBL_0.5_20000000_rep4,0.002,0.998
healthy_NBL_0.5_20000000_rep5,0.0021,0.9979
healthy_NBL_0.5_20000000_rep6,6e-04,0.9994
healthy_NBL_0.5_20000000_rep7,5e-04,0.9995
healthy_NBL_0.5_20000000_rep8,0.0011,0.9989
healthy_NBL_0.5_20000000_rep9,3e-04,0.9997
healthy_NBL_0_20000000_rep1,1,0
healthy_NBL_0_20000000_rep10,1,0
healthy_NBL_0_20000000_rep2,1,0
healthy_NBL_0_20000000_rep3,1,0
healthy_NBL_0_20000000_rep4,1,0
healthy_NBL_0_20000000_rep5,1,0
healthy_NBL_0_20000000_rep6,1,0
healthy_NBL_0_20000000_rep7,1,0
healthy_NBL_0_20000000_rep8,1,0
healthy_NBL_0_20000000_rep9,1,0
